title,company,location,link
Full Stack Developer Mobile Gaming (m/w/d),Lotum GmbH,"Bad Nauheim, Deutschland",https://stackoverflow.com/jobs/372990
IT-Architekt* / Ingenieur* / Informatiker* als Teamleiter* – Connected Services,IAV,"Berlin, Deutschland",https://stackoverflow.com/jobs/419682
Analyst Developer Java - C++,Smals,"Brussels Hoofdstedelijk Gewest, Belgium",https://stackoverflow.com/jobs/431199
Senior Java Engineer,Smals,"Brussels Hoofdstedelijk Gewest, Belgium",https://stackoverflow.com/jobs/431184
DBA Oracle / Sql Server - BR,Helvetica Partners HR Solutions,"Lausanne, Switzerland",https://stackoverflow.com/jobs/430820
Head of IT Operations (m/w/d),Enpal GmbH,"Berlin, Deutschland",https://stackoverflow.com/jobs/419216
"Werksstudent Web Entwickler (m/w/d) mit React, HTML, Javascript",Bolinda Labs GmbH,"Darmstadt, Germany",https://stackoverflow.com/jobs/396057
QA ENGINEER / AGILE TESTER (M/W/D),vitasystems GmbH,"Mannheim, Deutschland",https://stackoverflow.com/jobs/430737
Développeur-euse Fullstack (F/H/X),Doctolib,"Levallois-Perret, France",https://stackoverflow.com/jobs/419190
Senior Software Engineer (F/H/X),Doctolib,"Levallois-Perret, France",https://stackoverflow.com/jobs/419188
PG・SE・NE/インターネット/Webサービス・ASP,株式会社 ビーム,"Okayama, Japan",https://stackoverflow.com/jobs/402815
Développeur / Développeuse Java à Lille,Zenika,"Lille, France",https://stackoverflow.com/jobs/359535
Senior Consultant (M/W/D) OneSumX im Bereich Risk Management,ADWEKO Consulting GmbH,"Walldorf, Deutschland",https://stackoverflow.com/jobs/408783
IT-Administrator (m/w/d) Windows-Systeme & MS SQL,UmweltBank AG,"Nürnberg, Deutschland",https://stackoverflow.com/jobs/429637
Test- und Releasemanager (100 %),CyOne Security AG,"Steinhausen, Switzerland",https://stackoverflow.com/jobs/424996
(Senior) Web/Mobile Developer (m/w/d),Lotum GmbH,"Frankfurt am Main, Deutschland",https://stackoverflow.com/jobs/372988
Développeuse / Développeur Full Stack (JavaScript) - Paris,Zenika,"Paris, France",https://stackoverflow.com/jobs/371046
Développeuse / Développeur Back-end (Java) - Paris,Zenika,"Paris, France",https://stackoverflow.com/jobs/371045
Webentwickler (m/w/d) im Raum München,enowa AG,"München, Deutschland",https://stackoverflow.com/jobs/370737
PHP-Entwickler (m/w/d),Timme Hosting GmbH & Co. KG,"Lüneburg, Deutschland",https://stackoverflow.com/jobs/302058
"Linux-Systemadministrator (m/w/d), Fachinformatiker (m/w/d)",Timme Hosting GmbH & Co. KG,"Lüneburg, Deutschland",https://stackoverflow.com/jobs/302056
Senior Fullstack-Entwickler (w/m/d) am Standort Berlin,Hochfrequenz Unternehmensberatung GmbH,"Berlin, Deutschland",https://stackoverflow.com/jobs/358244
.Net Developer,Smals,"Brussels Hoofdstedelijk Gewest, Belgium",https://stackoverflow.com/jobs/407422
Software Developer (m/w/d) Fullstack Frontend Backend - Hamburg - #loveyourwork,Just Software AG,"Hamburg, Deutschland",https://stackoverflow.com/jobs/265437
Webshop Developer (m/w/d),ATP Autoteile GmbH,"Pressath, Deutschland",https://stackoverflow.com/jobs/428092
Python Developer Test (m/w/d),1&1 IONOS SE,"Berlin, Deutschland",https://stackoverflow.com/jobs/405856
Fullstack Developer (m/w/d),ATP Autoteile GmbH,"Pressath, Deutschland",https://stackoverflow.com/jobs/428091
"Backend Entwickler (m/w/d) mit Spring Boot, Java 11, AWS und Docker gesucht",Bolinda Labs GmbH,"Darmstadt, Germany",https://stackoverflow.com/jobs/264821
Web Entwickler (m/w/d) mit React und Spring Boot als Verstärkung gesucht,Bolinda Labs GmbH,"Darmstadt, Germany",https://stackoverflow.com/jobs/252224
Senior Manager IT Business Systems (m/w/d),Fresenius SE & Co. KGaA,"Schweinfurt, Deutschland",https://stackoverflow.com/jobs/428067
Software Developer (gn) Fullstack PHP (German speaking),4Com GmbH & Co. KG,"Hannover, Deutschland",https://stackoverflow.com/jobs/397820
Database Specialist (gn) (German speaking),4Com GmbH & Co. KG,"Hannover, Deutschland",https://stackoverflow.com/jobs/365951
Zend Framework / Laminas Entwickler (m/w/d),meap GmbH,"Witten, Deutschland",https://stackoverflow.com/jobs/427280
Développeur TypeScript / Scala (H/F),ORC Communications for CarBoat Media,"Paris, France",https://stackoverflow.com/jobs/406179
Architecte Front-End / React,Mirakl,"Paris, France",https://stackoverflow.com/jobs/387180
Ingénieur DevOps / SRE Senior,Mirakl,"Bordeaux, France",https://stackoverflow.com/jobs/335852
Junior bis Senior Java-EE Entwickler (m/w/d) mit Spaß am Teamwork,SCT GmbH Supply Chain Technologies,"Herzogenrath, Deutschland",https://stackoverflow.com/jobs/282845
Projektleiter (m/w/d) in der Softwareentwicklung,ADWEKO Consulting GmbH,"Frankfurt am Main, Deutschland",https://stackoverflow.com/jobs/425722
Senior Inhouse Developer (m/w/d) SAP HANA,ADWEKO Consulting GmbH,"Frankfurt am Main, Deutschland",https://stackoverflow.com/jobs/425720
エンジニア,株式会社I-ne,"Osaka, Japan",https://stackoverflow.com/jobs/414548
Full Stack Web Developer,Spiria Digital,"Gatineau, QC, Canada",https://stackoverflow.com/jobs/367340
"Full Stack Entwickler mit Schwerpunkt C#, .NET, Javascript",The Project Group Informationstechnologie GmbH,"München, Deutschland",https://stackoverflow.com/jobs/297934
Développeur Full-Stack H/F – CDI – Paris,SkillValue,"Paris, France",https://stackoverflow.com/jobs/394205
Projektmanager (m/w/d) Datenmanagement B2B,SCHUFA Holding AG,"Wiesbaden, Deutschland",https://stackoverflow.com/jobs/424254
CTO (m/w/d),Pop Rocket Labs GmbH,"Hamburg, Deutschland",https://stackoverflow.com/jobs/413413
Softwareentwickler IT.NET ERP-System (m/w/d),WAREMA Renkhoff SE,"Marktheidenfeld, Deutschland",https://stackoverflow.com/jobs/412783
Senior Application Engineer QA & Operations (m/w/d),Motius GmbH,"München, Deutschland",https://stackoverflow.com/jobs/423553
Softwareentwickler für unsere Abrechnungssysteme (w/m/d),DeepL GmbH,"Köln, Deutschland",https://stackoverflow.com/jobs/423491
Critical Facility Engineer,Facebook,"Papillion, NE",https://stackoverflow.com/jobs/411869
"Programador backend senior, Madrid",Afterbanks,"Madrid, Spain",https://stackoverflow.com/jobs/392603
Technical Consultant (w/*/m),queo GmbH,"Dresden, Deutschland",https://stackoverflow.com/jobs/399164
Softwareentwickler (w/m/d) Financial Solutions,zeb.it,"Münster, Deutschland",https://stackoverflow.com/jobs/173051
Test Automation Engineer,Smals,"Brussels Hoofdstedelijk Gewest, Belgium",https://stackoverflow.com/jobs/422162
Java Application Engineer,Smals,"Brussel, Belgium",https://stackoverflow.com/jobs/422160
Développeur Java Fullstack (H/F) 80-100%,Softcom Technologies SA,"Lausanne, Switzerland",https://stackoverflow.com/jobs/349980
Full Stack Lead Developer (m/w/d),Deutsche Leasing AG,"Bad Homburg vor der Höhe, Deutschland",https://stackoverflow.com/jobs/421746
Spiffy Combination of Release/Process/QAEngineer/Opportunity for more,Dorsata,No office location,https://stackoverflow.com/jobs/314986
Software Support Engineer (m/w/d),AKDB Anstalt für kommunale Datenverarbeitung in Bayern,"München, Deutschland",https://stackoverflow.com/jobs/410696
Data Engineer (H/F),Publicis Sapient Engineering,"Paris, France",https://stackoverflow.com/jobs/372769
MATHEMATIKER (M/W/D),Qoniac GmbH,"Dresden, Deutschland",https://stackoverflow.com/jobs/421055
"Développeuse / Développeur Full Stack (Java, Angular) - Paris",Zenika,"Paris, France",https://stackoverflow.com/jobs/352667
Ingénieur(e) Infra / DevOps / SRE (H/F),Deeplink Medical,"Lyon, France",https://stackoverflow.com/jobs/372316
"Senior Data Engineer (w/m/d) - Köln, Paderborn oder remote",DeepL GmbH,"Köln, Deutschland",https://stackoverflow.com/jobs/394900
Développeur Java fullstack,Mirakl,"Paris, France",https://stackoverflow.com/jobs/335854
Architecte logiciel,Mirakl,"Paris, France",https://stackoverflow.com/jobs/335851
Architecte de Solutions - Orienté Livraison,HaysviaHays plc,"Montreal, QC, Canada",https://stackoverflow.com/jobs/398165
Consultante / Consultant DevOps / Cloud - Lyon,Zenika,"Lyon, France",https://stackoverflow.com/jobs/352628
