title,link,company,location,site
Frontend Developer,https://remoteok.io/remote-jobs/96902-remote-frontend-developer-sporty,Sporty,ðŸŒ Worldwide,16d,remoteok
Vue or Nuxt Developer,https://remoteok.io/remote-jobs/97017-remote-vue-or-nuxt-developer-front-porch-solutions,Front Porch Solutions,US/Americas,2mo,remoteok
Senior Full Stack Developer,https://remoteok.io/remote-jobs/84641-remote-senior-full-stack-developer-bitbond,Bitbond,"Europe, Africa",5mo,remoteok
Javascript Developer,https://remoteok.io/remote-jobs/84253-remote-javascript-developer-remoteleads,RemoteLeads,ðŸŒ Worldwide,5mo,remoteok
Frontend Developer (vue.js + Asp.net),https://remoteok.io/remote-jobs/84183-remote-frontend-developer-vue-js-asp-net-testdome,TestDome,ðŸŒ Worldwide,6mo,remoteok
Senior Front-end Developer,https://remoteok.io/remote-jobs/83260-remote-senior-front-end-developer-likvido-com,Likvido.com,ðŸŒ Worldwide,7mo,remoteok
"Senior Javascript Developer, Vuejs",https://remoteok.io/remote-jobs/83044-remote-senior-javascript-developer-vuejs-etg24-gmbh,etg24 GmbH,"Europe, Germany pereferred",7mo,remoteok
Full Stack Developer,https://remoteok.io/remote-jobs/83028-remote-full-stack-developer-uscreen,Uscreen,ðŸŒ Worldwide,7mo,remoteok
"Software Engineer, Full Stack",https://remoteok.io/remote-jobs/76493-remote-software-engineer-full-stack-doximity,Doximity,North America,9mo,remoteok
"Sr. Full-stack Developer (node, Vue, Typescript, Python, SQL, Elastic) - Fully Startup",https://remoteok.io/remote-jobs/75688-remote-sr-full-stack-developer-node-vue-typescript-python-sql-elastic-fully-remote-startup-specula-io,Specula.io,ðŸ‡ªðŸ‡º EU-only,11mo,remoteok
Senior Software Engineer,https://remoteok.io/remote-jobs/75658-remote-senior-software-engineer-snowdrop,Snowdrop,ðŸ‡ªðŸ‡º EU-only,11mo,remoteok
Senior PHP Developer (full Stack | Cakephp | Laravel | Vue | Jquery),https://remoteok.io/remote-jobs/74078-remote-senior-php-developer-full-stack-cakephp-laravel-vue-jquery-continued,continued,ðŸ‡ºðŸ‡¸ US-only,1yr,remoteok
Full-stack Go Software Engineer,https://remoteok.io/remote-jobs/72309-remote-full-stack-go-software-engineer-private-business-network,Private Business Network,,1yr,remoteok
Senior Expert Javascript Developers Needed,https://remoteok.io/remote-jobs/72373-remote-senior-expert-javascript-developers-needed-serpicodev,SerpicoDEV,,1yr,remoteok
Front End Developer,https://remoteok.io/remote-jobs/71855-remote-front-end-developer-carb-manager,Carb Manager,,5mo,remoteok
"Front-end Javascript Developer with React, Vue or Angular",https://remoteok.io/remote-jobs/71563-remote-front-end-javascript-developer-with-react-vue-or-angular-soshace,Soshace,,2yr,remoteok
Ruby/rails + Vue JS Engineer (aud$100k),https://remoteok.io/remote-jobs/71467-remote-ruby-rails-vue-js-engineer-aud100k-propertynow,PropertyNow,,2yr,remoteok
Lead Engineer,https://remoteok.io/remote-jobs/71436-remote-lead-engineer-fuigo,Fuigo,ðŸ‡ºðŸ‡¸ US-only,2yr,remoteok
"Front-end Javascript Developer (react, Vue, Angular2+)",https://remoteok.io/remote-jobs/71141-remote-front-end-javascript-developer-react-vue-angular2-soshace,Soshace,,2yr,remoteok
Full-stack Javascript Developer,https://remoteok.io/remote-jobs/70901-remote-full-stack-javascript-developer-soshace,Soshace,,2yr,remoteok
Vue.js Developer,https://remoteok.io/remote-jobs/70790-remote-vue-js-developer-savvy-apps,Savvy Apps,,2yr,remoteok
Full Stack Developer with React Experience,https://remoteok.io/remote-jobs/69888-remote-full-stack-developer-with-react-experience-codelitt,Codelitt,,2yr,remoteok
Front-end Javascript Developer,https://remoteok.io/remote-jobs/69821-remote-front-end-javascript-developer-soshace,Soshace,,2yr,remoteok
Lead Front-end Developer with a Passion for UX,https://remoteok.io/remote-jobs/69759-remote-lead-front-end-developer-with-a-passion-for-ux-the-interaction-design-foundation,The Interaction Design Foundation,,2yr,remoteok
Application Developer,https://remoteok.io/remote-jobs/69751-remote-application-developer-blockstack,Blockstack,,2yr,remoteok
Front-end Developer ( & Full Time),https://remoteok.io/remote-jobs/69456-remote-front-end-developer-remote-full-time-c4media,C4Media,"Romania, Spain, Slovenia, Slovakia, Portugal, Lithuania, Greece, Poland, Hungary, Czech Republic, Malta.",2yr,remoteok
Seeking Senior Full Stack PHP Developer,https://remoteok.io/remote-jobs/69082-remote-seeking-senior-full-stack-php-developer-smar7-apps-llc,SMAR7 Apps LLC,,2yr,remoteok
Vue.js Front-end Engineer,https://remoteok.io/remote-jobs/68289-remote-vue-js-front-end-engineer-prncpl,PRNCPL,,2yr,remoteok
WordPress Developer (PHP/JS),https://weworkremotely.com/remote-jobs/awesome-motive-inc-wordpress-developer-php-js-4,Awesome Motive Inc.,Anywhere (100% Remote) Only,today,weworkremotely
Experienced PHP Backend Developer (Laravel / Wordpress / Magento 2),https://weworkremotely.com/remote-jobs/mtc-experienced-php-backend-developer-laravel-wordpress-magento-2,mtc.,Anywhere (100% Remote) Only,today,weworkremotely
Full Stack Engineer @ CartKit,https://weworkremotely.com/remote-jobs/cartkit-full-stack-engineer-cartkit,CartKit,Anywhere (100% Remote) Only,Aug 26,weworkremotely
Front End Web Developer ~ Virtual Office,https://weworkremotely.com/remote-jobs/kbmax-front-end-web-developer-virtual-office,KBMax,USA Only,Aug 25,weworkremotely
Senior Backend Engineer,https://weworkremotely.com/remote-jobs/baremetrics-senior-backend-engineer,Baremetrics,Anywhere (100% Remote) Only,Aug 24,weworkremotely
Software Developer,https://weworkremotely.com/remote-jobs/ampifire-software-developer-2,Ampifire,Anywhere (100% Remote) Only,Aug 21,weworkremotely
Full Stack Web Developer (Typescript/Node/Angular),https://weworkremotely.com/remote-jobs/loss-control-plus-full-stack-web-developer-typescript-node-angular-1,Loss Control Plus,Anywhere (100% Remote) Only,Aug 21,weworkremotely
Full-Stack Software Engineer (Django+React) (Western Hemisphere),https://weworkremotely.com/remote-jobs/the-silverlogic-full-stack-software-engineer-django-react-western-hemisphere,The SilverLogic,Americas Only,Aug 19,weworkremotely
Senior Full-Stack Ruby on Rails Engineer,https://weworkremotely.com/remote-jobs/wealthbox-senior-full-stack-ruby-on-rails-engineer-1,Wealthbox,USA Only,Aug 19,weworkremotely
Backend Developer JS/C++/Go -> Images and SVG as Code,https://weworkremotely.com/remote-jobs/logo-com-backend-developer-js-c-go-images-and-svg-as-code,Logo.com,Anywhere (100% Remote) Only,Aug 18,weworkremotely
Backend Engineer @ CartKit,https://weworkremotely.com/remote-jobs/cartkit-backend-engineer-cartkit,CartKit,Anywhere (100% Remote) Only,Aug 17,weworkremotely
Senior Full Stack Developer,https://weworkremotely.com/remote-jobs/getyourlawyer-senior-full-stack-developer,GetYourLawyer,Anywhere (100% Remote) Only,Aug 17,weworkremotely
"Sr. Software Engineer, across a wide array of tech stacks, 100% Remote",https://weworkremotely.com/remote-jobs/infinity-software-development-inc-sr-software-engineer-across-a-wide-array-of-tech-stacks-100-11,"Infinity Software Development, Inc.",USA Only,Aug 12,weworkremotely
SENIOR PYTHON DEVELOPER,https://weworkremotely.com/remote-jobs/dewaele-vastgoedgroep-senior-python-developer,Dewaele Vastgoedgroep,Europe Only,Sep 3,weworkremotely
Full-stack Developer,https://weworkremotely.com/remote-jobs/delphi-digital-full-stack-developer,Delphi Digital,Anywhere (100% Remote) Only,Sep 3,weworkremotely
React Native/iOS/UI/UX Developer,https://weworkremotely.com/remote-jobs/x-team-react-native-ios-ui-ux-developer,X-Team,Anywhere (100% Remote) Only,Sep 2,weworkremotely
Senior Android Engineer,https://weworkremotely.com/remote-jobs/irl-senior-android-engineer,IRL,Remote,Sep 2,weworkremotely
Events (Kafka) Tech Lead - Remote (GMT-5 max),https://weworkremotely.com/top-remote-companies,Ebury,Europe Only,Sep 1,weworkremotely
Lead PHP Engineer,https://weworkremotely.com/remote-jobs/loop-link-lead-php-engineer-1,Loop Link,USA Only,Aug 31,weworkremotely
Senior Python Developer - Remote,https://weworkremotely.com/top-remote-companies,Ebury,Europe Only,Aug 31,weworkremotely
Software Development Team Lead,https://weworkremotely.com/top-remote-companies,Ebury,Europe Only,Aug 31,weworkremotely
iOS Developer,https://weworkremotely.com/remote-jobs/doximity-ios-developer,Doximity,Anywhere (100% Remote) Only,Aug 30,weworkremotely
Senior Front-End Developer,https://weworkremotely.com/remote-jobs/eight-senior-front-end-developer,Eight,Europe Only,Aug 29,weworkremotely
Full-stack Rails developer,https://weworkremotely.com/remote-jobs/sidekick-therapy-partners-full-stack-rails-developer,Sidekick Therapy Partners,USA Only,Aug 28,weworkremotely
"Freelance Front-End Developer - Remote, Full-time/Part-time Options",https://weworkremotely.com/remote-jobs/impactian-freelance-front-end-developer-remote-full-time-part-time-options,Impactian,Anywhere (100% Remote) Only,Aug 27,weworkremotely
Full Stack Engineer,https://weworkremotely.com/remote-jobs/moment-full-stack-engineer,Moment,USA Only,Aug 27,weworkremotely
Python Developer (Rust a huge plus),https://weworkremotely.com/remote-jobs/x-team-python-developer-rust-a-huge-plus,X-Team,Anywhere (100% Remote) Only,Aug 26,weworkremotely
Senior Go Developer,https://weworkremotely.com/remote-jobs/x-team-senior-go-developer,X-Team,Anywhere (100% Remote) Only,Aug 26,weworkremotely
Integrations Engineer,https://weworkremotely.com/remote-jobs/x-team-integrations-engineer,X-Team,Anywhere (100% Remote) Only,Aug 26,weworkremotely
Senior Frontend Developer with Great Design Flair for Fintech Business,https://weworkremotely.com/remote-jobs/likvido-aps-senior-frontend-developer-with-great-design-flair-for-fintech-business,Likvido ApS,Anywhere (100% Remote) Only,Aug 24,weworkremotely
Full Stack Developer (Python & Vue.js),https://weworkremotely.com/remote-jobs/unhaggle-inc-full-stack-developer-python-vue-js-2,Unhaggle Inc.,Any,Aug 22,weworkremotely
"Senior Engineer, Manager",https://weworkremotely.com/remote-jobs/doximity-senior-engineer-manager,Doximity,North America Only,Aug 21,weworkremotely
Full Stack Developer,https://weworkremotely.com/remote-jobs/agency-mai-full-stack-developer,"Agency,Mai?",Anywhere (100% Remote) Only,Aug 21,weworkremotely
Laravel and Vue.js Developer,https://weworkremotely.com/top-remote-companies,MailerLite,Anywhere (100% Remote) Only,Aug 21,weworkremotely
Front-End Engineer,https://weworkremotely.com/top-remote-companies,Farmgirl Flowers,Anywhere (100% Remote) Only,Aug 21,weworkremotely
Senior Software Engineer - Ruby/React/Python,https://weworkremotely.com/remote-jobs/quill-org-senior-software-engineer-ruby-react-python,Quill.org,USA Only,Aug 19,weworkremotely
Car & Classic - PHP/VueJS Developer - 100% Remote,https://weworkremotely.com/remote-jobs/car-and-classic-part-of-cazana-car-classic-php-vuejs-developer-100-remote,Car and Classic (Part of Cazana),Europe Only,Aug 18,weworkremotely
Front-end/ Full Stack Developer,https://weworkremotely.com/remote-jobs/car-and-classic-part-of-cazana-car-classic-php-vuejs-developer-100-remote,We Make Websites,Europe Only,Aug 18,weworkremotely
Creative Front-end Developer,https://weworkremotely.com/remote-jobs/car-and-classic-part-of-cazana-car-classic-php-vuejs-developer-100-remote,Series Eight,Europe Only,Aug 18,weworkremotely
"Software Engineer, Android (Kotlin)",https://weworkremotely.com/remote-jobs/doximity-software-engineer-android-kotlin,Doximity,North America Only,Aug 17,weworkremotely
Senior Team Lead JS Engineer,https://weworkremotely.com/remote-jobs/x-team-senior-team-lead-js-engineer,X-Team,Anywhere (100% Remote) Only,Aug 17,weworkremotely
"Engineering Manager (React, React Native, Mobile)",https://weworkremotely.com/remote-jobs/x-team-engineering-manager-react-react-native-mobile,X-Team,Anywhere (100% Remote) Only,Aug 17,weworkremotely
Front End Software Engineer,https://weworkremotely.com/remote-jobs/codelathe-technologies-inc-front-end-software-engineer-1,CodeLathe Technologies Inc,Anywhere (100% Remote) Only,Aug 16,weworkremotely
Experienced Software Engineer (Full Stack),https://weworkremotely.com/remote-jobs/my-china-roots-experienced-software-engineer-full-stack,My China Roots,Anywhere (100% Remote) Only,Aug 16,weworkremotely
Senior Front End Developer (Angular),https://weworkremotely.com/remote-jobs/rocket-communications-inc-senior-front-end-developer-angular,"Rocket Communications, Inc.",USA Only,Aug 15,weworkremotely
"Software Engineer, Full Stack ",https://weworkremotely.com/remote-jobs/doximity-software-engineer-full-stack,Doximity,USA Only,Aug 14,weworkremotely
Senior Salesforce Developer - Remote,https://weworkremotely.com/top-remote-companies,Ebury,Europe Only,Aug 14,weworkremotely
Front End Developer - React/Gatsby Developer,https://weworkremotely.com/remote-jobs/x-team-front-end-developer-react-gatsby-developer,X-Team,Anywhere (100% Remote) Only,Aug 14,weworkremotely
Analytics Engineer,https://weworkremotely.com/remote-jobs/x-team-analytics-engineer,X-Team,Anywhere (100% Remote) Only,Aug 12,weworkremotely
Automated QA Engineer,https://weworkremotely.com/remote-jobs/x-team-automated-qa-engineer,X-Team,Anywhere (100% Remote) Only,Aug 12,weworkremotely
Fullstack Product Engineer (Django),https://weworkremotely.com/remote-jobs/heysummit-fullstack-product-engineer-django,HeySummit,Anywhere (100% Remote) Only,Aug 12,weworkremotely
Ruby Developer,https://weworkremotely.com/remote-jobs/reachire-ruby-developer,reacHIRE,Anywhere (100% Remote) Only,Aug 11,weworkremotely
Front End Developer (Shopify),https://weworkremotely.com/remote-jobs/fostr-front-end-developer-shopify,Fostr,Europe Only,Aug 11,weworkremotely
Senior Software Engineer,https://weworkremotely.com/remote-jobs/juxly-senior-software-engineer,Juxly,USA Only,Aug 11,weworkremotely
"Game UI Developer/Designer (PS4, Xbox, Switch)",https://weworkremotely.com/remote-jobs/x-team-game-ui-developer-designer-ps4-xbox-switch,X-Team,Anywhere (100% Remote) Only,Aug 10,weworkremotely
Full Stack Senior Web Developer,https://weworkremotely.com/remote-jobs/plain-concepts-full-stack-senior-web-developer,Plain Concepts,USA Only,Aug 10,weworkremotely
Senior Full Stack Engineer,https://weworkremotely.com/remote-jobs/thinkific-senior-full-stack-engineer,Thinkific,Canada Only,Aug 8,weworkremotely
Senior Full Stack Engineer,https://weworkremotely.com/remote-jobs/thinkific-senior-full-stack-engineer,Thinkific,Canada Only,Aug 8,weworkremotely
Ruby on Rails Developer,https://stackoverflow.com/jobs/225436,Nebulab,No office location,7d ago,stackoverflow
Developer Relations Engineer,https://stackoverflow.com/jobs/420115,Platform.sh,No office location,12h ago,stackoverflow
PHP Developer for BLOX/RAYOS CMS,https://stackoverflow.com/jobs/431681,TownNews,"Moline, IL",2d ago,stackoverflow
Solutions Engineer,https://stackoverflow.com/jobs/431389,Deepgram,"San Francisco, CA",2d ago,stackoverflow
QA Engineer,https://stackoverflow.com/jobs/419816,OliBank,No office location,2d ago,stackoverflow
Quality Engineer,https://stackoverflow.com/jobs/419704,Ultranauts Inc,No office location,3d ago,stackoverflow
Senior Software Engineer (m/f/d) - Remote Europe-wide,https://stackoverflow.com/jobs/431241,bookingkit GmbH,No office location,3d ago,stackoverflow
Senior Full Stack Developer,https://stackoverflow.com/jobs/431098,Nirveda Cognition Inc.,"Glendale, CA",3d ago,stackoverflow
Sr. Software Engineer,https://stackoverflow.com/jobs/274406,VisuWell,"Chattanooga, TN",4d ago,stackoverflow
Frontend-Entwickler (m/w/d),https://stackoverflow.com/jobs/430751,onOffice GmbH,"Aachen, Deutschland",4d ago,stackoverflow
Fullstack Developer (f/m/d),https://stackoverflow.com/jobs/430741,LILLYDOO GmbH,"Frankfurt am Main, Germany",4d ago,stackoverflow
Full Stack Engineer,https://stackoverflow.com/jobs/430520,Deepgram,"San Francisco, CA",4d ago,stackoverflow
"Back End Engineer (NodeJS, TypeScript): Remote (Global)",https://stackoverflow.com/jobs/430513,Modus Create,No office location,4d ago,stackoverflow
Front end full stack developer,https://stackoverflow.com/jobs/430505,MYCDD,No office location,5d ago,stackoverflow
Full Stack PHP Developer (m/f/d) - Bielefeld/Berlin/Remote,https://stackoverflow.com/jobs/408861,Egoditor GmbH,"Berlin, Deutschland",5d ago,stackoverflow
Software Developer (Remote or Onsite),https://stackoverflow.com/jobs/246026,Aptera Software,"Fort Wayne, IN",5d ago,stackoverflow
Frontend Software Engineer,https://stackoverflow.com/jobs/430334,MindDoc GmbH,"MÃ¼nchen, Germany",5d ago,stackoverflow
Senior Full Stack Engineer (Remote OR NYC),https://stackoverflow.com/jobs/283522,Noom,"New York, NY",5d ago,stackoverflow
Django/Python Backend Engineer,https://stackoverflow.com/jobs/415347,PolicyFly,No office location,6d ago,stackoverflow
Payment Engineer (m/f/d),https://stackoverflow.com/jobs/429684,Egoditor GmbH,"Berlin, Deutschland",6d ago,stackoverflow
Principal React Developer [100% REMOTE],https://stackoverflow.com/jobs/429677,Clevertech,No office location,6d ago,stackoverflow
Senior Front-end / JS Developer,https://stackoverflow.com/jobs/429655,iubenda,"Milan, Italy",6d ago,stackoverflow
Mid-Level Front-end Responsive Developer,https://stackoverflow.com/jobs/418286,Graphic Language,No office location,6d ago,stackoverflow
Lead Vue.js / PHP developer,https://stackoverflow.com/jobs/397027,HUBX,No office location,7d ago,stackoverflow
Full Stack Web Developer,https://stackoverflow.com/jobs/370918,"Art & Logic, Inc.",No office location,7d ago,stackoverflow
Senior NodeJS back end software developer,https://stackoverflow.com/jobs/218964,Prometheum Inc.,"New York, NY",15d ago,stackoverflow
DevOps Engineer,https://stackoverflow.com/jobs/428591,Practichem,No office location,9d ago,stackoverflow
Senior Ruby on Rails Developer,https://stackoverflow.com/jobs/428587,FlexJobs,"Oregon City, OR",9d ago,stackoverflow
Senior Front-end Engineer,https://stackoverflow.com/jobs/428579,Hubstaff,No office location,9d ago,stackoverflow
Senior Ruby on Rails Engineer,https://stackoverflow.com/jobs/428578,Hubstaff,No office location,9d ago,stackoverflow
Full Stack Software Engineer,https://stackoverflow.com/jobs/428102,Practichem,No office location,10d ago,stackoverflow
Front-end Engineer (Vue.js) (m/f/d),https://stackoverflow.com/jobs/428101,Lumiform,"Berlin, Deutschland",10d ago,stackoverflow
Senior PHP Developer,https://stackoverflow.com/jobs/427872,Defiant Inc,No office location,10d ago,stackoverflow
Senior .Net (Full Stack) fejlesztÅ‘,https://stackoverflow.com/jobs/427241,Blackbelt Technology,No office location,12d ago,stackoverflow
Full Stack Software Engineer - Mobile Healthcare,https://stackoverflow.com/jobs/406291,Medsphere,No office location,13d ago,stackoverflow
Senior DevOps Engineer,https://stackoverflow.com/jobs/406559,Nacelle,No office location,13d ago,stackoverflow
"Senior Backend Developer (Node, Event-Driven)",https://stackoverflow.com/jobs/395509,Nacelle,No office location,14d ago,stackoverflow
Senior Full-Stack Engineer (Vue/Node),https://stackoverflow.com/jobs/405895,Wisely,No office location,14d ago,stackoverflow
Full Stack Developer - Retail & Catalog,https://stackoverflow.com/jobs/415688,Everli,"Verona, Italy",15d ago,stackoverflow
Fullstack developer,https://stackoverflow.com/jobs/415682,Nurun,No office location,15d ago,stackoverflow
Software Architect,https://stackoverflow.com/jobs/415675,Nurun,No office location,15d ago,stackoverflow
Cloud Data Engineer Lake Formation,https://stackoverflow.com/jobs/426126,Modus Create,No office location,15d ago,stackoverflow
Senior Frontend Developer (Remote),https://stackoverflow.com/jobs/375433,Hypothesis.is,No office location,16d ago,stackoverflow
Senior Front End Engineer (Remote-Brazil),https://stackoverflow.com/jobs/425457,Loadsmart,No office location,17d ago,stackoverflow
"Front End Engineer (React, Ionic): Remote (Global)",https://stackoverflow.com/jobs/425456,Modus Create,No office location,17d ago,stackoverflow
Senior Backend Engineer - Business,https://stackoverflow.com/jobs/425423,Mrsool,"Riyadh, Saudi Arabia",17d ago,stackoverflow
Techlead / Engineering Manager (m/f/x) Cloud Streaming Platform,https://stackoverflow.com/jobs/425397,"AVANTGARDE - ""Creating Fans""","Berlin, Deutschland",17d ago,stackoverflow
Senior Javascript Full-Stack Developer,https://stackoverflow.com/jobs/425126,Juxly,"Springfield, MO",17d ago,stackoverflow
Full-Stack Developer,https://stackoverflow.com/jobs/307185,Charidy,"Brooklyn, NY",19d ago,stackoverflow
Full Stack Django Engineer,https://stackoverflow.com/jobs/424508,HeySummit,"Edinburgh, UK",19d ago,stackoverflow
R&D Software Developer,https://stackoverflow.com/jobs/413113,"GPM, Corp.",No office location,22d ago,stackoverflow
Security Developer,https://stackoverflow.com/jobs/374851,OliBank,No office location,20d ago,stackoverflow
Pessoa Engenheira de Software SÃªnior,https://stackoverflow.com/jobs/424349,Kenoby SoluÃ§Ãµes em Recursos Humanos S.A.,No office location,20d ago,stackoverflow
Quality Assurance (QA) Software Tester (m/f/x),https://stackoverflow.com/jobs/424277,refurbed,No office location,20d ago,stackoverflow
Senior Java Developer who wants to make a difference!,https://stackoverflow.com/jobs/130997,O'Reilly Auto Parts,No office location,20d ago,stackoverflow
Frontend Developer - Vue.js (m/f/x),https://stackoverflow.com/jobs/424273,refurbed,No office location,20d ago,stackoverflow
DevOps Engineer (Azure): Remote (Global),https://stackoverflow.com/jobs/424207,Modus Create,No office location,20d ago,stackoverflow
Fullstack Developer,https://stackoverflow.com/jobs/308837,Gambling.com Group,"Dublin, Ireland",21d ago,stackoverflow
Tryouts Open for a Full-Stack Developer,https://stackoverflow.com/jobs/413173,GameSheet Inc.,No office location,22d ago,stackoverflow
Senior Front end Developer,https://stackoverflow.com/jobs/423700,Agiloft,No office location,22d ago,stackoverflow
FinTech Developer,https://stackoverflow.com/jobs/384443,OliBank,No office location,22d ago,stackoverflow
Frontend Developer e-Commerce (f/m/d) (based in Germany),https://stackoverflow.com/jobs/240569,LILLYDOO GmbH,No office location,23d ago,stackoverflow
Full Stack Nuxt JS Developer,https://stackoverflow.com/jobs/384138,Nacelle,No office location,23d ago,stackoverflow
Senior Frontend Developer,https://stackoverflow.com/jobs/423281,"Stacklet, Inc.",No office location,23d ago,stackoverflow
"DevOps Engineer (AWS, Heroku): Remote (Global)",https://stackoverflow.com/jobs/423176,Modus Create,No office location,24d ago,stackoverflow
Full Stack Developer - Demand,https://stackoverflow.com/jobs/422931,Everli,"Verona, Italy",24d ago,stackoverflow
Senior Full Stack JavaScript Developer - Remote,https://stackoverflow.com/jobs/422075,Upstack,No office location,26d ago,stackoverflow
Full Stack Engineer,https://stackoverflow.com/jobs/114053,SpotMe,No office location,26d ago,stackoverflow
Frontend Web Developer (m/f/x),https://stackoverflow.com/jobs/361674,refurbed,"Wien, Ã–sterreich",27d ago,stackoverflow
Senior Go Backend Developer (m/f/x),https://stackoverflow.com/jobs/287208,refurbed,"Wien, Ã–sterreich",27d ago,stackoverflow
Spiffy Combination of Release/Process/QAEngineer/Opportunity for more,https://stackoverflow.com/jobs/314986,Dorsata,No office location,28d ago,stackoverflow
Senior backend PHP developer,https://stackoverflow.com/jobs/373019,Debunk.eu,"Vilnius, Lithuania",28d ago,stackoverflow
Senior Back-end / Ruby on Rails Developer,https://stackoverflow.com/jobs/410579,iubenda,"Milan, Italy",28d ago,stackoverflow
"Frontend developer (Vue.js, Material Design, Typescript)",https://stackoverflow.com/jobs/410438,ClearLife Limited,No office location,29d ago,stackoverflow
Senior Front-End Engineer (WebGL),https://stackoverflow.com/jobs/421326,Huddle HQ,No office location,29d ago,stackoverflow
